{
  "1": {
    "hari_libur": [5, 6],
    "jadwal": {
      "0": {"jam_mulai": "00:00:00", "jam_akhir": "23:59:00"},
      "1": {"jam_mulai": "00:00:00", "jam_akhir": "23:59:00"},
      "2": {"jam_mulai": "00:00:00", "jam_akhir": "23:59:00"},
      "3": {"jam_mulai": "00:00:00", "jam_akhir": "23:59:00"},
      "4": {"jam_mulai": "00:00:00", "jam_akhir": "23:59:00"}
    },
    "limit_absen": 3
  },
  "2": {
    "hari_libur": [5, 6],
    "jadwal": {
      "0": {"jam_mulai": "00:00:00", "jam_akhir": "23:59:00"},
      "1": {"jam_mulai": "00:00:00", "jam_akhir": "23:59:00"},
      "2": {"jam_mulai": "00:00:00", "jam_akhir": "23:59:00"},
      "3": {"jam_mulai": "00:00:00", "jam_akhir": "23:59:00"},
      "4": {"jam_mulai": "00:00:00", "jam_akhir": "23:59:00"}
    },
    "limit_absen": 3
  },
  "3": {
    "hari_libur": [5, 6],
    "jadwal": {
      "0": {"jam_mulai": "00:00:00", "jam_akhir": "23:59:00"},
      "1": {"jam_mulai": "00:00:00", "jam_akhir": "23:59:00"},
      "2": {"jam_mulai": "00:00:00", "jam_akhir": "23:59:00"},
      "3": {"jam_mulai": "00:00:00", "jam_akhir": "23:59:00"},
      "4": {"jam_mulai": "00:00:00", "jam_akhir": "23:59:00"}
    },
    "limit_absen": 3
  }
}
