{
    "1": {
        "hari_libur": [],
        "jadwal": [
            {
                "jam_mulai": "07:00",
                "jam_akhir": "16:00"
            },
            {
                "jam_mulai": "00:00:00",
                "jam_akhir": "23:59:00"
            },
            {
                "jam_mulai": "00:00:00",
                "jam_akhir": "23:59:00"
            },
            {
                "jam_mulai": "00:00:00",
                "jam_akhir": "23:59:00"
            },
            {
                "jam_mulai": "00:00:00",
                "jam_akhir": "23:59:00"
            }
        ],
        "limit_absen": 3
    },
    "2": {
        "hari_libur": [
            "0",
            "1",
            "2",
            "3",
            "4"
        ],
        "jadwal": [
            {
                "jam_mulai": "00:00:00",
                "jam_akhir": "23:59:00"
            },
            {
                "jam_mulai": "00:00:00",
                "jam_akhir": "23:59:00"
            },
            {
                "jam_mulai": "00:00:00",
                "jam_akhir": "23:59:00"
            },
            {
                "jam_mulai": "00:00:00",
                "jam_akhir": "23:59:00"
            },
            {
                "jam_mulai": "00:00:00",
                "jam_akhir": "23:59:00"
            }
        ],
        "limit_absen": 3
    },
    "3": {
        "hari_libur": [
            5,
            6
        ],
        "jadwal": [
            {
                "jam_mulai": "00:00:00",
                "jam_akhir": "23:59:00"
            },
            {
                "jam_mulai": "00:00:00",
                "jam_akhir": "23:59:00"
            },
            {
                "jam_mulai": "00:00:00",
                "jam_akhir": "23:59:00"
            },
            {
                "jam_mulai": "00:00:00",
                "jam_akhir": "23:59:00"
            },
            {
                "jam_mulai": "00:00:00",
                "jam_akhir": "23:59:00"
            }
        ],
        "limit_absen": 3
    }
}